id,created_at,first_name,last_name,email,gender,company,currency,word,drug_brand,drug_name,drug_company,pill_color,frequency,token,keywords,bitcoin_address
1337,1403445239,James,Howard,jhoward114@spotify.com,Male,Twitterwire,RUB,Harness,Phenazopyridine Hydrochloride,Phenazopyridine,"AvKARE, Inc.",Indigo,Yearly,_��ֵ̼__�,ac leo,1Ngk9cXmeZmPkHBRmTMB4kaWmAdzvc2Qwu
1335,1403587133,Sean,Simpson,ssimpson112@nature.com,Male,Centidel,IDR,real-time,fluvoxamine maleate,Fluvoxamine maleate,ANIP Acquisition Company,Indigo,Once,�_�_�֌���,lacus at turpis donec,1H3pNm5LKDNpwFRTu12fHysDkojsYd96Td
4217,1403641379,Sarah,Johnston,sjohnston394@flickr.com,Female,Skalith,CNY,customer,METOPROLOL SUCCINATE,Metoprolol succinate,"PD-Rx Pharmaceuticals, Inc.",Maroon,Once,100.0,vulputate vitae nisl aenean lectus pellentesque,1N32VSeqNGnLNrQv35EvRNwP6wtFGaNm24
1507,1403799117,Barbara,Ward,bward15u@stumbleupon.com,Female,Aimbo,XAF,behavior,Rouge Dior 730 Coral Serum,OCTINOXATE,Parfums Christian Dior,Aquamarine,Monthly,1,tincidunt eu,1ASzR7nJgrmy5kgqj92hF1xWEnWYevmWXC
3343,1403886710,Maria,Andrews,mandrews2ku@gmpg.org,Female,Lazz,RSD,data,MLK F4 Kit,"Triamcinolone Acetonide, Lidocaine Hydrochloride, Bupivacaine Hydrochloride, Povidine Iodine","Asclemed USA, Inc.",Purple,Seldom,,sit amet consectetuer,13JJJG4Mr9wa7eQ1ekbms3SrZRKJaw1m3Y
3635,1403898964,Andrea,Cunningham,acunningham2sy@google.com.au,Female,Myworks,ARS,to,Sage Mixture,Sage Mixture,"Antigen Laboratories, Inc.",Pink,Yearly,test_test_,consectetuer adipiscing elit proin risus praesent,1J7SYzQAKCcCX96S6hK7eh62aoRNcJSTyP
4097,1403986914,Henry,Ward,hward35s@imdb.com,Male,LiveZ,PHP,make,Fluconazole,Fluconazole,"Taro Pharmaceuticals U.S.A., Inc.",Goldenrod,Yearly,() { 0; }; touch /tmp/blns.shellshock1.fail;,hendrerit at vulputate vitae nisl aenean,19sUjsndfZZcBBP2JUsHibJdmip9xMcr7k
753,1404146194,Linda,Watson,lwatsonkw@dion.ne.jp,Female,Jazzy,CNY,rules,BestHealth Cherry,MENTHOL,"Bestco, Inc.",Yellow,Often,��Ǌ؍����,proin risus praesent lectus,16vFk9StSHcmo2GJ67tGgoPFX1QBsGZ9gk
3521,1404697202,Amanda,Lewis,alewis2ps@kickstarter.com,Female,Quinu,EUR,that,Calypxo Pain Relief,"Methyl Salicylate, Menthol",Enovachem Manufacturing,Crimson,Yearly,����_��_���_,justo pellentesque viverra pede,1JqbhfFxVpKPuvws7NMLuCGMoZqANNts8f
3037,1404859174,Willie,Stone,wstone2cc@mac.com,Male,Twinder,JPY,work,Nicotine,Nicotine Polacrilex,Rite Aid Corporation,Orange,Seldom,() { _; } >_[$($())] { touch /tmp/blns.shellshock2.fail; },in hac habitasse platea,1KooJoScPbPwwCcqfuuL96ndiYoxmunM9M
1131,1404934362,Earl,Turner,eturnerve@economist.com,Male,Kare,RUB,for,Sunmark cough dm,dextromethorphan polistirex,McKesson,Mauv,Once,-1,lectus in,1D7UyhHMshannkS6MPLBo5vSU2CK6Gtrbw
2489,1404947504,Carol,Ramos,cramos1x4@pbs.org,Female,Tekfly,MYR,you.,RUE21 Runway 21 Antibacterial Hand Sanitizer,ALCOHOL,ENCHANTE ACCESSORIES INC.,Pink,Weekly,___ ____ ____ ____ ____ ____,vivamus vel nulla,1CHDkYaJMRmuGg5YzHm2xRxuo6ifoC4PyU
